Authors,Songs,PlayTime
the dreadnoughts,76,198:23:03
alan walker,37,126:24:58
blackmill,28,109:52:18
thefatrat,57,107:20:10
dragonforce,18,69:36:04
lin-manuel miranda,49,58:41:02
league of legends,30,52:12:51
instalok,108,33:22:37
feint,12,32:32:55
bo burnham,70,32:11:02
tim minchin,36,31:34:54
tristam,7,30:31:24
the longest johns,54,30:18:49
pentakill,18,30:16:34
pegboard nerds,13,29:47:39
sappheiros,14,27:34:25
pendulum,6,23:54:43
ac4,40,18:08:10
jeremy soule,52,18:04:27
sabaton,50,16:48:18
aljosha konstanty,7,16:03:25
aero chord,5,16:01:16
stepcat,5,14:38:58
impossible remix,15,12:37:04
cma,6,12:24:42
erb,39,12:24:04
andreas b,4,10:50:42
mitis,3,10:35:19
sub focus,2,10:28:56
rogue,4,9:43:21
pirates of the carribean,2,9:32:22
rameses b,8,9:20:37
chrono trigger,3,8:37:21
kisnou,6,8:31:07
dj ag,16,8:21:51
aurora b polaris,3,8:13:43
meiko,1,7:46:54
fabled,4,7:43:25
seven lions,1,7:26:29
stan rogers,18,7:18:13
tom day,2,7:11:27
emancipator,2,6:56:00
idle mind,2,6:11:58
amadeus,2,6:02:12
stellaris,40,6:00:31
bastille,2,5:57:26
noisestorm,3,5:50:48
jacoo,2,5:50:48
electus,5,5:49:16
starbound,25,5:48:25
audile,2,5:47:36
m83,1,5:33:28
the jolly roger,5,5:32:32
nitro fun,2,5:24:55
fun,1,5:24:55
george michael,2,5:24:10
alec benjamin,4,4:46:24
the lonely astronaut,1,4:39:45
subtract,1,4:35:24
one republic,1,4:33:34
b-complex,1,4:33:00
lensko,1,4:32:36
killigrew,2,4:25:35
lookz,2,4:21:30
gate,1,4:19:04
boney m,1,4:17:50
chase the tide,1,4:08:48
taylor swift,17,4:07:23
marshmello,2,4:00:33
irish rovers,2,3:48:32
reaktion,1,3:37:09
hereafter,1,3:35:54
dm dokuro,10,3:22:53
shockline,1,3:20:48
david quinn,1,3:18:20
queen,8,3:17:18
john williams,2,3:14:40
ampyx,1,3:14:00
sina,1,3:10:41
30 seconds to mars,1,3:10:00
aerocity,1,3:08:00
kipelov,1,3:07:38
kojak,2,3:03:11
rootkit,2,3:02:30
bob ross,1,3:01:00
capital cities,1,2:58:16
ronald jenkees,1,2:56:48
cartoon,1,2:47:38
time is up,1,2:47:12
priority one,1,2:47:12
selo i ludy,7,2:45:22
braken,1,2:44:58
chainsmokers,2,2:43:40
adventure club,1,2:40:18
actium,1,2:38:23
nirvana,1,2:37:32
eugene the cat,1,2:36:01
keynes vs. hayek,2,2:31:27
owl city,2,2:28:10
maduk ft. veela,1,2:27:20
jake chudnow,9,2:26:40
massive attack,1,2:23:26
taylor davis,1,2:20:48
dunkey,6,2:20:07
moomimurr,1,2:19:30
stevie wonder,1,2:19:24
super mario,8,2:16:59
skrillex,1,2:14:26
storm seeker | patty gurdy,1,2:13:00
rous,1,2:12:55
avicii,2,2:10:42
mapps,1,2:10:30
kozah,1,2:10:30
eyeris,1,2:06:38
soundnet,1,2:03:56
sonic,1,2:03:19
evence,1,2:01:57
laire,1,2:01:20
above and beyond,1,2:00:36
imagine dragons,3,1:59:23
isolated,3,1:53:55
m2u,1,1:53:35
hey now,1,1:52:12
kindred,1,1:47:47
resonance,1,1:46:12
malukah,6,1:41:21
cyril tawney,1,1:37:21
joshua finnie,2,1:35:58
noctilucent,1,1:35:51
day 7,1,1:35:35
sizzlebird,2,1:35:19
tobu,1,1:34:35
living tombstone,1,1:32:30
makuda,1,1:31:48
cherry beach,1,1:31:18
plagues inc,1,1:31:00
anima,2,1:27:45
anne-marie,1,1:27:36
rihanna,4,1:23:57
justing jet zobras,1,1:22:50
alestorm,4,1:21:47
the witcher,12,1:21:13
alex the seal,2,1:21:03
the living tombstone,1,1:20:30
kingdom hearts,1,1:12:24
tbbt,1,1:11:30
derek fiechter,18,1:09:37
apartje.,1,1:04:20
poolz,1,1:02:06
ricky martin,1,0:59:12
tim haywood,2,0:59:02
eiffel 65,1,0:54:36
hans zimmer,1,0:52:52
jreg,4,0:52:30
decem,1,0:52:00
clint mansell,1,0:45:30
epic music version,1,0:45:02
metallica,1,0:44:55
thor ragnarok,7,0:42:34
sean and dean kiner,5,0:42:21
macklemore & ryan lewis,1,0:42:18
dragon age,4,0:39:42
atc,1,0:38:36
super smash bros,7,0:38:29
lmfao,2,0:38:01
said the sky,1,0:37:48
asdf movie,1,0:36:51
robot unicorn,1,0:36:50
mr. late,1,0:32:54
les miserables,2,0:32:45
nestor makhno,1,0:32:05
adele,2,0:31:51
deaf kev,1,0:31:51
slaydit,1,0:31:12
avoidlol,1,0:31:10
europe,1,0:29:30
gaelic storm,1,0:29:20
los colorados,3,0:28:50
hard bass school,3,0:27:29
tom lehrer,3,0:27:24
slushii,1,0:26:46
jt music,1,0:26:00
elizaveta,1,0:26:00
jon bellion,1,0:25:26
jalan jalan,1,0:25:07
finding hope,3,0:24:49
evanescence,1,0:23:54
bloons monkey city,1,0:22:30
blure,1,0:21:40
sm63,1,0:21:35
rick astley,1,0:21:12
antonio vivaldi,1,0:20:52
rob cantor,1,0:20:42
darkslayer,1,0:20:08
michael ghelfi,1,0:20:00
bon jovi,4,0:19:33
bob roberts,1,0:18:32
brandon fiechter,3,0:18:31
three days grace,1,0:18:15
david coffin,1,0:17:58
eurythmics,1,0:17:50
taio cruz,1,0:17:30
erutan,1,0:17:15
rosalind mcallister,1,0:16:30
dracovallis,1,0:16:16
caravan palace,1,0:15:45
darude,1,0:15:32
george carlin,1,0:14:24
smosh,2,0:14:20
sean dagher,1,0:14:20
freya catherine,1,0:14:12
fountains of wayne,1,0:13:32
jackson parodi,1,0:13:21
netsky,1,0:13:18
cheburashka,1,0:13:15
maroon 5,2,0:13:14
neverwinter nights,4,0:13:04
led zeppelin,1,0:12:21
haddaway,1,0:12:00
monty python,2,0:11:39
galantis,1,0:11:33
jean luc lenoir,1,0:11:16
muzzy,1,0:11:10
astranaut,1,0:11:06
froto,1,0:11:00
avalon,1,0:11:00
deadmou5,1,0:10:36
the red jumpsuit apparatus,1,0:10:30
empire of the sun,1,0:10:24
blackmore's night,1,0:10:04
emma hiddleston,1,0:10:00
ozzy osbourne,1,0:09:52
baldur's,2,0:09:42
celia pavey,1,0:09:40
santiano,2,0:09:36
enrique iglesias,1,0:09:24
hearthstone,1,0:09:04
tchaikovsky,2,0:09:01
3 doors down,1,0:08:54
roakoke,1,0:08:51
bach,1,0:08:32
sean dagher,37,0:08:30
pirates for sail,1,0:08:28
dion,1,0:08:24
jr eg,1,0:08:18
something rotten!,1,0:08:12
propublica,1,0:07:54
party factory,1,0:07:44
k-391,1,0:07:42
minds,1,0:07:39
hybrid minds,1,0:07:39
nolwenn leroy,1,0:07:34
derina harvey band,1,0:07:34
aeon waves,1,0:07:27
pillars of eternity,2,0:07:04
modern talking,2,0:07:00
janji,1,0:06:56
planescape torment,2,0:06:44
dario marianelli,1,0:06:42
kolkian,1,0:06:32
sharm,1,0:06:20
linkin park,2,0:06:12
alex swings oscar sings,1,0:06:06
aabiasaw,1,0:06:05
proximity,2,0:06:02
megaraptor,1,0:05:48
great big sea,1,0:05:36
eli brown,1,0:05:35
dropkick murphys,1,0:05:28
runescape,1,0:05:10
aeris,1,0:05:09
silence groove,1,0:04:58
ghost'n'ghost,1,0:04:58
black eyed peas,1,0:04:51
scullious,1,0:04:49
lana del rey,1,0:04:49
johnny collins,1,0:04:48
the irish rovers,1,0:04:45
guns n' roses,1,0:04:39
michael fk,1,0:04:38
mc hammer,1,0:04:37
luqus,1,0:04:36
focus, moving waves,1,0:04:35
cross them out,1,0:04:29
pitbull,1,0:04:26
eminem,1,0:04:26
salty dick's,1,0:04:24
dabin,1,0:04:24
matt fuss,1,0:04:19
kavinsky,1,0:04:17
nurko & last heroes,1,0:04:15
soar,1,0:04:13
entraik,1,0:04:11
elements,1,0:04:07
abandoned,1,0:04:07
neutral.,1,0:04:04
au5,1,0:04:04
gotye,1,0:04:03
blazo,1,0:04:03
akeckz,1,0:03:56
phaera,1,0:03:49
medieval tavern music,1,0:03:43
awakend,1,0:03:37
sean mackey,1,0:03:36
pianox,1,0:03:35
october child,1,0:03:35
the lab rats,1,0:03:27
medieval music,1,0:03:27
kozoro,1,0:03:27
jai paul,1,0:03:27
aqua vs xs project,1,0:03:27
rob gasser,1,0:03:24
louie zong,1,0:03:24
dj jim,1,0:03:18
skeler,1,0:03:15
deep focus,1,0:03:15
giraffage,1,0:03:07
major lazer,1,0:02:58
ben e king,1,0:02:57
meduza,1,0:02:56
mabel,1,0:02:56
dread crew of oddwood,1,0:02:38
terraria,1,0:02:37
frank sinatra,1,0:02:35
ram jam,1,0:02:24
qumu,1,0:02:14
america,1,0:02:05
kirvy,1,0:01:14
two steps from hell,1,0:00:00
twisted sister,1,0:00:00
twenty one pilots,1,0:00:00
tokyo prose,3,0:00:00
the tempter trap,1,0:00:00
the killers,1,0:00:00
the jazzual suspects,1,0:00:00
the all-american rejects,1,0:00:00
soulchef,1,0:00:00
scorpions,1,0:00:00
savages,1,0:00:00
saib.,1,0:00:00
s.p.y,1,0:00:00
rob viktum,1,0:00:00
redeyes,1,0:00:00
qbig,1,0:00:00
prime time beats,1,0:00:00
pokemon,1,0:00:00
panjabi mc,1,0:00:00
onra,2,0:00:00
nunjabes,1,0:00:00
mykool,1,0:00:00
mononome,1,0:00:00
michael st laurent,1,0:00:00
mariah carey,1,0:00:00
madcolour,1,0:00:00
lindsey stirling,1,0:00:00
lettuce,1,0:00:00
lady gaga,2,0:00:00
lady antebellum,1,0:00:00
koan sound,1,0:00:00
keeno,1,0:00:00
johnny cash,1,0:00:00
ji2kia,1,0:00:00
jennifer lopez,1,0:00:00
jazz,1,0:00:00
jackie mittoo,1,0:00:00
intercom,1,0:00:00
grafix,1,0:00:00
gasoline,1,0:00:00
galt macdermot,1,0:00:00
folk,1,0:00:00
flite,1,0:00:00
fat jon,1,0:00:00
f.o.o.l,1,0:00:00
etherwood,2,0:00:00
eric parsons,1,0:00:00
elliot berger,1,0:00:00
draper,1,0:00:00
brock berrigan,1,0:00:00
britney spears,1,0:00:00
boyz ii men,1,0:00:00
bonobo,1,0:00:00
blue thyme,1,0:00:00
bce,1,0:00:00
avenged sevenfold,1,0:00:00
av.i,1,0:00:00
anarchic system,1,0:00:00
ambient vibes,1,0:00:00
aerosmith,1,0:00:00
two ways,1,0:59:30
uncoded,1,0:04:08
usher,1,0:20:30
varend volk,2,0:06:50
varien,4,19:33:09
vedrim,2,1:41:59
vengaboys,2,0:24:59
veorra,2,9:41:14
vexaic,5,8:42:44
vicetone,4,15:15:03
viva la vida,1,0:08:08
vivita,1,0:04:42
vokaliz,1,0:16:24
volor flex,1,0:04:32
vorsa,1,1:35:35
warframe,4,10:26:02
warriyo,1,0:00:00
wayr,2,4:56:53
wendy rule,1,0:20:50
wil,1,3:18:26
wizdom,1,1:53:00
woody guthrie,2,0:02:23
world of warcraft,2,0:13:26
xan griffin,1,0:04:53
xcom,1,0:14:12
xeuphoria,1,0:04:03
xs project,5,0:17:03
xs project feat. julica,1,0:03:44
xylem up,1,4:49:28
yal!x,1,1:57:20
ye banished privateers,1,0:35:06
yngwie malmsteen,1,0:00:00
yuna,1,0:04:15
yurbanoid,2,0:02:16
yves larock,1,1:05:56
zemlyane,1,0:56:24
zero she flies,1,0:08:48
zkave,1,2:02:24